TPANIC_RS00005	GO:0005737;GO:0005524;GO:0003688;GO:0006270;GO:0006275
TPANIC_RS00010	GO:0003887;GO:0003677;GO:0006260;GO:0009360;GO:0005737;GO:0008408
TPANIC_RS00015	GO:0005737;GO:0005524;GO:0003697;GO:0006281;GO:0006260;GO:0009432
TPANIC_RS00025	GO:0006265;GO:0046677;GO:0006261;GO:0003918;GO:0005694;GO:0005524;GO:0005737;GO:0003677
TPANIC_RS00055	GO:0005737;GO:0005524;GO:0000287;GO:0004826;GO:0003723;GO:0006432
TPANIC_RS00060	GO:0030163;GO:0005524;GO:0004176;GO:0004252
TPANIC_RS00115	GO:0015293;GO:0016021;GO:0005886
TPANIC_RS00125	GO:0046872;GO:0006508
TPANIC_RS00130	GO:0009288;GO:0009425;GO:0005886;GO:0003774;GO:0071973;GO:0006935
TPANIC_RS00135	GO:0050660;GO:0016021;GO:0005886
TPANIC_RS00140	GO:0050660;GO:0005886;GO:0016021
TPANIC_RS00145	GO:0008360;GO:0009252;GO:0051301;GO:0005737;GO:0008760;GO:0007049;GO:0019277;GO:0071555
TPANIC_RS00150	GO:0005524;GO:0042026;GO:0005737;GO:0051082
TPANIC_RS00155	GO:0016021
TPANIC_RS00160	GO:0032259;GO:0005737;GO:0008168;GO:0006364
TPANIC_RS00170	GO:0030001;GO:0046872;GO:0042597;GO:0007155
TPANIC_RS00175	GO:0005886;GO:0005524
TPANIC_RS00180	GO:0043190;GO:0005887;GO:0042626
TPANIC_RS00185	GO:0008720;GO:0051287
TPANIC_RS00200	GO:0010247;GO:0016021;GO:0005886;GO:0004888;GO:0006935;GO:0007165
TPANIC_RS00215	GO:0002098;GO:0050660;GO:0005737
TPANIC_RS00220	GO:0019239;GO:0046872;GO:0009117
TPANIC_RS00240	GO:0000270;GO:0009254;GO:0000920;GO:0016021;GO:0005886;GO:0004175;GO:0046872;GO:0004222;GO:0045227;GO:0071555
TPANIC_RS00250	GO:0016149;GO:0005737
TPANIC_RS00255	GO:0003676;GO:0036009;GO:0018364;GO:0102559
TPANIC_RS00260	GO:0046872;GO:0004748;GO:0009263;GO:0006260
TPANIC_RS00270	GO:0016021;GO:0005886;GO:0008948;GO:0015081;GO:0036376
TPANIC_RS00275	GO:0015451;GO:0008948;GO:0006814
TPANIC_RS00280	GO:0015451;GO:0006814;GO:0016829;GO:0005886;GO:0016021
TPANIC_RS00285	GO:1990077;GO:0005524;GO:0003677;GO:0003678;GO:0006269
TPANIC_RS00290	GO:0005840;GO:0019843;GO:0003735;GO:0006412
TPANIC_RS00295	GO:0003735;GO:0006412;GO:0005840;GO:0019843
TPANIC_RS00300	GO:0003697;GO:0006260
TPANIC_RS00305	GO:0019843;GO:0006412;GO:0003735;GO:0005840
TPANIC_RS00330	GO:0000049;GO:0070475;GO:0070040;GO:0002935;GO:0046872;GO:0019843;GO:0005737;GO:0051539
TPANIC_RS00340	GO:0016021;GO:0005886
TPANIC_RS00345	GO:0005737;GO:0005524;GO:0016887;GO:0042026;GO:0009408
TPANIC_RS00365	GO:0055085;GO:0005886;GO:0016021;GO:0015774
TPANIC_RS00370	GO:0016021;GO:0005886;GO:0008643;GO:0055085
TPANIC_RS00375	GO:0005886;GO:0016021;GO:0045227
TPANIC_RS00380	GO:0030170;GO:0008483;GO:0000271
TPANIC_RS00395	GO:0009114;GO:0004854;GO:0071949
TPANIC_RS00400	GO:0006352;GO:2000142;GO:0008134;GO:0003677;GO:0000160;GO:0005524
TPANIC_RS00415	GO:0016021;GO:0005886;GO:0005351;GO:0022877;GO:0090563;GO:0009401
TPANIC_RS00420	GO:0035438
TPANIC_RS00435	GO:0010628;GO:0045893;GO:0000976;GO:0043565;GO:0042803;GO:0003677;GO:0030552;GO:0003700
TPANIC_RS00440	GO:0005737;GO:0071555;GO:0008360;GO:0009252;GO:0051301;GO:0007049;GO:0008762;GO:0071949
TPANIC_RS00445	GO:0005524;GO:0005737;GO:0008270;GO:0006423;GO:0004817
TPANIC_RS00450	GO:0005737;GO:0003677;GO:0003700;GO:0003899;GO:0001123;GO:0006355;GO:0016987;GO:2000147
TPANIC_RS00455	GO:0016021
TPANIC_RS00460	GO:0006085;GO:0008959;GO:0005737
TPANIC_RS00475	GO:0043022;GO:0019843;GO:0005737;GO:0003743
TPANIC_RS00480	GO:0005524;GO:0031072;GO:0051082;GO:0006260;GO:0006457;GO:0009408;GO:0008270;GO:0005737
TPANIC_RS00485	GO:0005737;GO:0005524;GO:0033862;GO:0044210
TPANIC_RS00490	GO:0005886;GO:0016209;GO:0015036;GO:0017004;GO:0016021
TPANIC_RS00495	GO:0005886;GO:0017004;GO:0055114;GO:0016021
TPANIC_RS00500	GO:0005737;GO:0005524;GO:0003678;GO:0006268;GO:0003677
TPANIC_RS00505	GO:0003677;GO:0009432;GO:0006260;GO:0006281;GO:0006310;GO:0005524;GO:0043138
TPANIC_RS00510	GO:0009166;GO:0000166;GO:0046872;GO:0005886;GO:0008253
TPANIC_RS00515	GO:0003887;GO:0006261;GO:0008408;GO:0003677;GO:0006281
TPANIC_RS00520	GO:0005886;GO:0044667;GO:1900751;GO:0009437;GO:0016021
TPANIC_RS00530	GO:0005737;GO:0003872;GO:0005524;GO:0046872;GO:0006002
TPANIC_RS00535	GO:0008173;GO:0006396;GO:0003723
TPANIC_RS00560	GO:0006352;GO:0016987;GO:0003899;GO:0001216;GO:0003677
TPANIC_RS00565	GO:0004197;GO:0004177
TPANIC_RS00570	GO:0016021
TPANIC_RS00575	GO:0016021;GO:0052547
TPANIC_RS00580	GO:0008972;GO:0009228;GO:0008478;GO:0046872;GO:0005524
TPANIC_RS00585	GO:0004386;GO:0006289;GO:0009432;GO:0009381;GO:0003677;GO:0005524;GO:0005737;GO:0009380
TPANIC_RS00600	GO:0016021;GO:0048473;GO:0006865;GO:0042626;GO:0005886
TPANIC_RS00605	GO:0015821;GO:0015424;GO:0016887;GO:0005524;GO:0005886
TPANIC_RS00610	GO:0051539;GO:0016853;GO:0046872
TPANIC_RS00615	GO:0005525;GO:0030145;GO:0004613;GO:0006094;GO:0005737
TPANIC_RS00625	GO:0005524;GO:0016887;GO:0005525;GO:0046872;GO:0043023;GO:0043022;GO:0005737
TPANIC_RS00630	GO:0006284;GO:0046872;GO:0008853;GO:0004519;GO:0008311;GO:0003906;GO:0003677;GO:0005737;GO:0004528
TPANIC_RS00635	GO:0005886;GO:0016021
TPANIC_RS00675	GO:0005886
TPANIC_RS00680	GO:0005886
TPANIC_RS00695	GO:0005886
TPANIC_RS00700	GO:0005886;GO:0016021
TPANIC_RS00705	GO:0006813;GO:0005886;GO:0008324
TPANIC_RS00710	GO:0015379;GO:0005886;GO:0016021
TPANIC_RS00715	GO:0003908;GO:0005737;GO:0006307;GO:0032259
TPANIC_RS00720	GO:0043190;GO:0016887;GO:0015408;GO:0033212;GO:0005524
TPANIC_RS00725	GO:0016021;GO:0005886;GO:0022857;GO:0015888
TPANIC_RS00730	GO:0015888;GO:0030975;GO:0030288
TPANIC_RS00735	GO:0004467;GO:0102391;GO:0016405;GO:0005524
TPANIC_RS00755	GO:0005975;GO:0103025;GO:0030246;GO:0004556;GO:0005737
TPANIC_RS00760	GO:0016021;GO:0005886
TPANIC_RS00765	GO:0005886;GO:0016021
TPANIC_RS00785	GO:0016021;GO:0005886
TPANIC_RS00820	GO:0005737;GO:0002161;GO:0005524;GO:0004827;GO:0006433
TPANIC_RS00825	GO:0006310;GO:0009378;GO:0003677;GO:0005524;GO:0009432;GO:0006281
TPANIC_RS00830	GO:0006829;GO:0007155;GO:0046872;GO:0042597
TPANIC_RS00835	GO:0006829;GO:0016887;GO:0005524
TPANIC_RS00840	GO:0005887;GO:0042626;GO:0006829;GO:0043190
TPANIC_RS00845	GO:0043190;GO:0042626;GO:0006829;GO:0005887
TPANIC_RS00850	GO:0046914;GO:0046983;GO:0003700;GO:0005737;GO:0003677
TPANIC_RS00855	GO:0006096;GO:0006094;GO:0046538
TPANIC_RS00865	GO:0009164;GO:0019509;GO:0008930;GO:0008782
TPANIC_RS00870	GO:0010181;GO:0005886
TPANIC_RS00875	GO:0016021;GO:0005886
TPANIC_RS00900	GO:0005886;GO:0016021
TPANIC_RS00905	GO:0008033;GO:0061710;GO:0003725;GO:0005524;GO:0005737
TPANIC_RS00915	GO:0070929;GO:0003723;GO:0005737
TPANIC_RS00920	GO:0016021;GO:0004252;GO:0005886
TPANIC_RS00925	GO:0005737;GO:0051539;GO:0004109;GO:0046872;GO:0006779;GO:0005886
TPANIC_RS00930	GO:0005737;GO:0005525;GO:0003924;GO:0003746
TPANIC_RS00935	GO:0005840;GO:0000049;GO:0006412;GO:0003735
TPANIC_RS00940	GO:0006412;GO:0005840;GO:0019843;GO:0003735
TPANIC_RS00945	GO:0006412;GO:0003735;GO:0019843;GO:0005840
TPANIC_RS00950	GO:0005840;GO:0006412;GO:0003735;GO:0019843
TPANIC_RS00955	GO:0006412;GO:0003735;GO:0019843;GO:0015934;GO:0016740
TPANIC_RS00960	GO:0006412;GO:0003735;GO:0019843;GO:0015935
TPANIC_RS00965	GO:0006412;GO:0003735;GO:0019843;GO:0015934
TPANIC_RS00970	GO:0006412;GO:0019843;GO:0003729;GO:0005840;GO:0003735
TPANIC_RS00975	GO:0003735;GO:0005840;GO:0006412;GO:0000049;GO:0019843
TPANIC_RS00980	GO:0006412;GO:0003735;GO:0005840
TPANIC_RS00985	GO:0006412;GO:0003735;GO:0019843;GO:0005840
TPANIC_RS00990	GO:0015934;GO:0003735;GO:0006412;GO:0019843
TPANIC_RS00995	GO:0005840;GO:0019843;GO:0003735;GO:0006412
TPANIC_RS01000	GO:0019843;GO:0003735;GO:0000049;GO:0006412;GO:0005840
TPANIC_RS01005	GO:0019843;GO:0003735;GO:0006412;GO:0005840
TPANIC_RS01010	GO:0005840;GO:0003735;GO:0006412;GO:0019843
TPANIC_RS01015	GO:0005840;GO:0019843;GO:0006412;GO:0003735
TPANIC_RS01020	GO:0019843;GO:0015935;GO:0006412;GO:0003735
TPANIC_RS01025	GO:0015934;GO:0003735;GO:0006412
TPANIC_RS01030	GO:0015934;GO:0003735;GO:0006412;GO:0019843
TPANIC_RS01035	GO:0043952;GO:0006605;GO:0065002;GO:0005886;GO:0016021
TPANIC_RS01040	GO:0006412;GO:0003735;GO:0005840
TPANIC_RS01045	GO:0000049;GO:0019843;GO:0005840;GO:0003735;GO:0006412
TPANIC_RS01050	GO:0005840;GO:0019843;GO:0006412;GO:0003735
TPANIC_RS01055	GO:0006351;GO:0046983;GO:0003899;GO:0003677
TPANIC_RS01060	GO:0006412;GO:0003735;GO:0005840
TPANIC_RS01070	GO:0000774;GO:0006457;GO:0005737;GO:0051087;GO:0042803
TPANIC_RS01075	GO:0005524;GO:0006457;GO:0051082
TPANIC_RS01080	GO:0009408;GO:0005737;GO:0005524;GO:0031072;GO:0051082;GO:0008270;GO:0006260;GO:0006457
TPANIC_RS01095	GO:0043856
TPANIC_RS01105	GO:0016021
TPANIC_RS01140	GO:0016021;GO:0005886
TPANIC_RS01145	GO:0016887;GO:0005524;GO:0009236;GO:0006824;GO:0043190
TPANIC_RS01150	GO:0016021;GO:0005886;GO:0015225
TPANIC_RS01155	GO:0006281;GO:0051539;GO:0046872;GO:0004844
TPANIC_RS01160	GO:1990077;GO:0005524;GO:0003677;GO:0006268;GO:0006269;GO:0008270;GO:0003678
TPANIC_RS01165	GO:0001522;GO:0120159;GO:0003723;GO:0006364
TPANIC_RS01180	GO:0006412;GO:0003735;GO:0005840
TPANIC_RS01190	GO:0005886;GO:0065002;GO:0009306;GO:0006605;GO:0043952;GO:0016021;GO:0015450
TPANIC_RS01195	GO:0031564;GO:0006354;GO:0032784;GO:0006353
TPANIC_RS01200	GO:0006412;GO:0003735;GO:0070180;GO:0005840
TPANIC_RS01205	GO:0006417;GO:0000049;GO:0019843;GO:0015934;GO:0003735;GO:0006412
TPANIC_RS01210	GO:0006412;GO:0042254;GO:0003735;GO:0070180;GO:0015934
TPANIC_RS01215	GO:0005840;GO:0006412;GO:0003735
TPANIC_RS01220	GO:0003677;GO:0006351;GO:0003899;GO:0032549
TPANIC_RS01225	GO:0006351;GO:0003677;GO:0003899;GO:0000287;GO:0008270
TPANIC_RS01230	GO:0003735;GO:0000049;GO:0006412;GO:0015935;GO:0019843
TPANIC_RS01235	GO:0019843;GO:0003735;GO:0000049;GO:0006412;GO:0015935
TPANIC_RS01250	GO:0009253;GO:0008745
TPANIC_RS01255	GO:0005886
TPANIC_RS01260	GO:0055040;GO:0071973;GO:0030288
TPANIC_RS01265	GO:0003677;GO:0030261
TPANIC_RS01270	GO:0016410;GO:0042158;GO:0016021;GO:0005886
TPANIC_RS01280	GO:0005524;GO:0003723;GO:0008186;GO:0006353;GO:0004386
TPANIC_RS01285	GO:0005840;GO:0046872;GO:0003735;GO:0006412;GO:0019843
TPANIC_RS01290	GO:0006655;GO:0008444;GO:0005886;GO:0016021
TPANIC_RS01295	GO:0006071;GO:0005886;GO:0008889;GO:0006629
TPANIC_RS01310	GO:0016021
TPANIC_RS01320	GO:0003677;GO:0030552;GO:0045893;GO:0000976;GO:0010628;GO:0042803;GO:0003700;GO:0043565
TPANIC_RS01330	GO:0046386;GO:0009264;GO:0004139;GO:0005737;GO:0016052
TPANIC_RS01335	GO:0015188;GO:0005886;GO:0015190;GO:0005304;GO:0015818;GO:0015820;GO:0015829;GO:0016021
TPANIC_RS01370	GO:0006400;GO:0061712;GO:0046872;GO:0051539;GO:0005737
TPANIC_RS01375	GO:0001680;GO:0016437;GO:0000049;GO:0000287;GO:0052927;GO:0052928;GO:0052929;GO:0005524;GO:0042245
TPANIC_RS01380	GO:0007059;GO:0003677
TPANIC_RS01385	GO:0016787;GO:0005524
TPANIC_RS01390	GO:0005886;GO:0016021
TPANIC_RS01410	GO:0004252;GO:0005576
TPANIC_RS01415	GO:0003735;GO:0003729;GO:0022627;GO:0006412
TPANIC_RS01420	GO:0005886;GO:0016021
TPANIC_RS01425	GO:0005737;GO:0005524;GO:0004595;GO:0015937
TPANIC_RS01440	GO:0005829
TPANIC_RS01445	GO:0050308;GO:0050286;GO:0005829;GO:0016791;GO:0103026;GO:0000287
TPANIC_RS01455	GO:0006811;GO:0015288;GO:0046930;GO:0009279
TPANIC_RS01460	GO:0005737;GO:0000287;GO:0004749;GO:0006015;GO:0009116;GO:0009165;GO:0009156;GO:0016301;GO:0005524
TPANIC_RS01470	GO:0005737;GO:0005524;GO:0004140;GO:0015937
TPANIC_RS01480	GO:0005886
TPANIC_RS01485	GO:0005524;GO:0016887;GO:0005886
TPANIC_RS01490	GO:0016021;GO:0022857;GO:0005886
TPANIC_RS01495	GO:0022857;GO:0005886;GO:0016021
TPANIC_RS01500	GO:0006298;GO:0030983;GO:0005524;GO:0032300;GO:0016887
TPANIC_RS01510	GO:0044210;GO:0003883;GO:0005524;GO:0046872;GO:0006541
TPANIC_RS01515	GO:0006412;GO:0003735;GO:0015935;GO:0019843
TPANIC_RS01525	GO:0006865;GO:0030288
TPANIC_RS01565	GO:0005886
TPANIC_RS01570	GO:0005886;GO:0016887;GO:0005524
TPANIC_RS01575	GO:0005887;GO:0022857
TPANIC_RS01580	GO:0005886;GO:0016021;GO:0022857
TPANIC_RS01585	GO:0016021
TPANIC_RS01590	GO:0016021;GO:0071709;GO:0009279
TPANIC_RS01600	GO:0005524;GO:0003684;GO:0030983;GO:0006298
TPANIC_RS01625	GO:0050661;GO:0004616;GO:0019521;GO:0006098
TPANIC_RS01650	GO:0005737;GO:0003723;GO:0000179;GO:0052908
TPANIC_RS01655	GO:0016021;GO:0005886
TPANIC_RS01660	GO:0006364;GO:0003723;GO:0120159;GO:0001522
TPANIC_RS01665	GO:0006730;GO:0046654;GO:0005524;GO:0008841;GO:0046872;GO:0004326;GO:0046656;GO:0009396;GO:0005737
TPANIC_RS01670	GO:0005737;GO:0008763;GO:0005524;GO:0051301;GO:0008360;GO:0007049;GO:0071555;GO:0009252
TPANIC_RS01675	GO:0005737;GO:0005524;GO:0006220;GO:0004127
TPANIC_RS01680	GO:0006284;GO:0046872;GO:0019104;GO:0003677;GO:0051539
TPANIC_RS01685	GO:0005524;GO:0005737;GO:0006355;GO:0003684;GO:0004386;GO:0000716
TPANIC_RS01690	GO:0005886;GO:0051992;GO:0007049;GO:0051301;GO:0071555;GO:0009252;GO:0008360;GO:0008963;GO:0016021
TPANIC_RS01710	GO:0042026;GO:0046872;GO:0005737;GO:0003755
TPANIC_RS01715	GO:0005737;GO:0050661;GO:0055129;GO:0004350
TPANIC_RS01720	GO:0005737;GO:0005524;GO:0004349;GO:0055129
TPANIC_RS01725	GO:0003677;GO:0006355
TPANIC_RS01730	GO:0005737;GO:0000287;GO:0004523;GO:0006401;GO:0003676
TPANIC_RS01735	GO:0005524;GO:0004798;GO:0006233;GO:0006235
TPANIC_RS01745	GO:0003677;GO:0042803;GO:0009102;GO:0006768;GO:0009305;GO:0006355;GO:0009374;GO:0000984;GO:0005524;GO:0017053;GO:0005737;GO:0004077
TPANIC_RS01750	GO:0030979;GO:0102752;GO:0003844;GO:0005978
TPANIC_RS01770	GO:0006935;GO:0005737;GO:0000155;GO:0005524
TPANIC_RS01775	GO:0005737;GO:0006935;GO:0007165
TPANIC_RS01785	GO:0005737;GO:0006935;GO:0046872;GO:0097588;GO:0000160
TPANIC_RS01795	GO:0016020;GO:0005737;GO:0007062;GO:0007165;GO:0030261;GO:0003677;GO:0005694;GO:0005524;GO:0006260
TPANIC_RS01800	GO:0016021
TPANIC_RS01815	GO:0005524;GO:0019288;GO:0016114;GO:0050515
TPANIC_RS01825	GO:0008097;GO:0003735;GO:0006412;GO:0005840
TPANIC_RS01830	GO:0005737;GO:0005524;GO:0006400;GO:0016879
TPANIC_RS01855	GO:0065002;GO:0017038;GO:0006605;GO:0005886;GO:0005524;GO:0005737;GO:0046872
TPANIC_RS01865	GO:0016021;GO:0005886
TPANIC_RS01870	GO:0005737;GO:0009295;GO:0003677;GO:0003700
TPANIC_RS01875	GO:0071424;GO:0005737;GO:0070475
TPANIC_RS01885	GO:0005524;GO:0005737;GO:0008360;GO:0009252;GO:0047480;GO:0051301;GO:0007049;GO:0071555
TPANIC_RS01890	GO:0016021;GO:0005886;GO:0007049;GO:0051301;GO:0071555;GO:0009252;GO:0008360;GO:0008955
TPANIC_RS01895	GO:0032153;GO:0043093;GO:0005887
TPANIC_RS01900	GO:0043093;GO:0051301;GO:0009898;GO:0032153
TPANIC_RS01905	GO:0005525;GO:0003924;GO:0000917;GO:0043093;GO:0051258;GO:0032153;GO:0005737
TPANIC_RS01910	GO:0009037;GO:0005737;GO:0003677;GO:0007049;GO:0051301;GO:0007059;GO:0006313
TPANIC_RS01920	GO:0009294
TPANIC_RS01925	GO:0005694;GO:0003677;GO:0003917;GO:0046872;GO:0006265
TPANIC_RS01930	GO:0005737;GO:0009037;GO:0007049;GO:0051301;GO:0007059;GO:0006313;GO:0003677
TPANIC_RS01935	GO:0030694;GO:0071973
TPANIC_RS01940	GO:0071973;GO:0030694
TPANIC_RS01945	GO:0005198;GO:0009425;GO:0071973;GO:0003774
TPANIC_RS01950	GO:0009431;GO:0016021;GO:0005886;GO:0003774;GO:0071973
TPANIC_RS01955	GO:0009425;GO:0005886;GO:0003774;GO:0071973;GO:0006935
TPANIC_RS01960	GO:0005737;GO:0044781;GO:0015031
TPANIC_RS01965	GO:0009288;GO:0005737;GO:0030257;GO:0005524;GO:0016887;GO:0046933;GO:0046961;GO:0044780;GO:0030254
TPANIC_RS01985	GO:0008881;GO:0071555;GO:0008360;GO:0009252
TPANIC_RS01990	GO:0018784
TPANIC_RS02000	GO:0005886;GO:0015031;GO:0016021
TPANIC_RS02005	GO:0016021;GO:0005886;GO:0015450;GO:0065002;GO:0006605;GO:0043952
TPANIC_RS02010	GO:0043952;GO:0006605;GO:0065002;GO:0005886;GO:0015450;GO:0016021
TPANIC_RS02020	GO:0008966;GO:0000287;GO:0005975
TPANIC_RS02025	GO:0016021;GO:0005886;GO:0015655
TPANIC_RS02035	GO:0048500;GO:0005525;GO:0003924;GO:0006614;GO:0008312
TPANIC_RS02040	GO:0005886;GO:0016410;GO:0042158;GO:0016021
TPANIC_RS02045	GO:0005737;GO:0005524;GO:0006012;GO:0004335;GO:0046872
TPANIC_RS02050	GO:0005737;GO:0000166;GO:0046872;GO:0008253
TPANIC_RS02070	GO:0006754;GO:0006811
TPANIC_RS02080	GO:0046961;GO:0046933;GO:0005524;GO:0042777
TPANIC_RS02085	GO:0005524;GO:0046933;GO:0042777
TPANIC_RS02090	GO:0005524;GO:0042626;GO:0046933;GO:0042777
TPANIC_RS02095	GO:0033179;GO:0015078;GO:0016021;GO:0005886
TPANIC_RS02105	GO:0005524;GO:0046872;GO:0004594;GO:0015937;GO:0005737
TPANIC_RS02120	GO:0005886
TPANIC_RS02125	GO:0004427;GO:0030145;GO:0005737
TPANIC_RS02135	GO:0035870;GO:0046872;GO:0017111;GO:0000166;GO:0036222;GO:0009117;GO:0009146
TPANIC_RS02140	GO:0007165;GO:0006935;GO:0005737
TPANIC_RS02150	GO:0046872;GO:0003951;GO:0019674;GO:0006741;GO:0005737;GO:0005524
TPANIC_RS02155	GO:0005524;GO:0006281;GO:0006310
TPANIC_RS02175	GO:0046429;GO:0005506;GO:0019288;GO:0016114;GO:0051539
TPANIC_RS02185	GO:0005525;GO:0004845;GO:0009116;GO:0044206
TPANIC_RS02190	GO:0005886
TPANIC_RS02195	GO:0005525;GO:0005737;GO:0003746;GO:0003924
TPANIC_RS02205	GO:0005737;GO:0002161;GO:0005524;GO:0004822;GO:0000049;GO:0008270;GO:0006428
TPANIC_RS02210	GO:0009279
TPANIC_RS02230	GO:0005886
TPANIC_RS02240	GO:0006260;GO:0005737;GO:0051304;GO:0051301
TPANIC_RS02245	GO:0001522;GO:0009982;GO:0003723
TPANIC_RS02260	GO:0005886
TPANIC_RS02265	GO:0008176
TPANIC_RS02270	GO:0005886;GO:0016021
TPANIC_RS02295	GO:0009432;GO:0006289;GO:0003677;GO:0009380;GO:0005737;GO:0009381
TPANIC_RS02300	GO:0005886;GO:0016021
TPANIC_RS02305	GO:0005737;GO:0003677;GO:0006355
TPANIC_RS02310	GO:0006096;GO:0005737;GO:0004347;GO:0006094
TPANIC_RS02315	GO:0000287;GO:0005737;GO:0008776;GO:0006085;GO:0006082;GO:0005524
TPANIC_RS02320	GO:0017057;GO:0005975;GO:0006098
TPANIC_RS02325	GO:0004345;GO:0050661;GO:0006006;GO:0006098
TPANIC_RS02335	GO:0016021;GO:0005886
TPANIC_RS02340	GO:0016021
TPANIC_RS02350	GO:0016021
TPANIC_RS02355	GO:0004016;GO:0005524;GO:0046872;GO:0006171;GO:0000160
TPANIC_RS02370	GO:0016021;GO:0005886;GO:0006935;GO:0007165
TPANIC_RS02395	GO:0005887;GO:0008932;GO:0071555;GO:0009252;GO:0016829
TPANIC_RS02400	GO:1990077;GO:0003677;GO:0003896;GO:0008270
TPANIC_RS02405	GO:0005737;GO:0003677;GO:0003700;GO:0016987;GO:0001123
TPANIC_RS02420	GO:0008360;GO:0000902;GO:0005524;GO:0005737
TPANIC_RS02435	GO:0008360;GO:0005887;GO:0008658;GO:0071972;GO:0009002;GO:0071555;GO:0009252
TPANIC_RS02440	GO:0009252;GO:0051301;GO:0008360;GO:0071555;GO:0008955;GO:0005887
TPANIC_RS02450	GO:0005886
TPANIC_RS02475	GO:0007049;GO:0051301;GO:0006457;GO:0005737;GO:0015031;GO:0003755
TPANIC_RS02480	GO:0005737;GO:0004176;GO:0004252
TPANIC_RS02485	GO:0005524;GO:0016887;GO:0046983;GO:0051082;GO:0006457;GO:0008270
TPANIC_RS02490	GO:0005829;GO:0102039;GO:0008379;GO:0045454;GO:0006979
TPANIC_RS02495	GO:0045727;GO:0005886;GO:0005525;GO:0003924;GO:0043022;GO:0003746
TPANIC_RS02505	GO:0008685;GO:0046872;GO:0019288;GO:0016114;GO:0050518
TPANIC_RS02515	GO:0005737;GO:0009380;GO:0005524;GO:0016887;GO:0003677;GO:0009381;GO:0008270;GO:0006289;GO:0009432
TPANIC_RS02525	GO:0008360;GO:0009252;GO:0071555;GO:0005887;GO:0015648
TPANIC_RS02530	GO:0006310;GO:0008821;GO:0000287;GO:0003676;GO:0006281
TPANIC_RS02540	GO:0010967;GO:0000160;GO:0008134;GO:0043565;GO:0008073;GO:0003700;GO:0005524;GO:0005737;GO:0045893
TPANIC_RS02545	GO:0016021;GO:0005524;GO:0000155;GO:0030435;GO:0005886
TPANIC_RS02550	GO:0009360;GO:0003677;GO:0006260;GO:0003887
TPANIC_RS02555	GO:0005886;GO:0016021;GO:0009403
TPANIC_RS02560	GO:0009252;GO:0005886;GO:0051991;GO:0030259;GO:0008360;GO:0007049;GO:0051301;GO:0071555;GO:0050511;GO:0005975
TPANIC_RS02565	GO:0005737;GO:0004176;GO:0043565;GO:0004252;GO:0034605;GO:0006515;GO:0005524
TPANIC_RS02570	GO:0005737;GO:0003746
TPANIC_RS02580	GO:0005524;GO:0009405;GO:0003724;GO:0003676
TPANIC_RS02585	GO:0042777;GO:0046933;GO:0042626;GO:0005524
TPANIC_RS02590	GO:0042777;GO:0046933;GO:0005524
TPANIC_RS02595	GO:0042777;GO:0046961;GO:0005524;GO:0046933
TPANIC_RS02615	GO:0016021;GO:0015078;GO:0033179;GO:0005886
TPANIC_RS02630	GO:0016021;GO:0005886;GO:0015450;GO:0009306
TPANIC_RS02635	GO:0005737;GO:0004807;GO:0006094;GO:0006096
TPANIC_RS02640	GO:0006096;GO:0005737;GO:0005524;GO:0004618
TPANIC_RS02650	GO:0042802;GO:0043856
TPANIC_RS02655	GO:0003924;GO:0005737;GO:0005886;GO:0042274;GO:0070181;GO:0005525
TPANIC_RS02660	GO:0006002;GO:0046872;GO:0047334;GO:0005524;GO:0003872;GO:0005737
TPANIC_RS02665	GO:0005524;GO:0009378;GO:0006310;GO:0006281;GO:0009432;GO:0003677
TPANIC_RS02675	GO:0042597
TPANIC_RS02680	GO:0030288;GO:0004252
TPANIC_RS02685	GO:0051539;GO:0051745;GO:0046872;GO:0050992;GO:0019288;GO:0016114
TPANIC_RS02700	GO:0044179;GO:0009405;GO:0005524;GO:0090729;GO:0016887
TPANIC_RS02705	GO:0003924;GO:0046872;GO:0006400;GO:0005737;GO:0005525
TPANIC_RS02725	GO:0016021;GO:0005886
TPANIC_RS02730	GO:0008967;GO:0005975;GO:0046295;GO:0046872
TPANIC_RS02740	GO:0005737;GO:0004071;GO:0005524;GO:0070981
TPANIC_RS02755	GO:0009229;GO:0034227;GO:0005737;GO:0005524;GO:0009228;GO:0004810;GO:0000049;GO:0016783
TPANIC_RS02760	GO:0046872;GO:0004802
TPANIC_RS02765	GO:0005886;GO:0016021
TPANIC_RS02770	GO:0047444;GO:0016051;GO:0070085
TPANIC_RS02795	GO:0042121;GO:0016021;GO:0005886;GO:0051979;GO:0016746
TPANIC_RS02805	GO:0008700;GO:0008675;GO:0005737;GO:0008152
TPANIC_RS02810	GO:0004177;GO:0046872;GO:0008237;GO:0008233;GO:0005829
TPANIC_RS02825	GO:0016021;GO:0010181;GO:0005886
TPANIC_RS02830	GO:0005886;GO:0008233
TPANIC_RS02835	GO:0005737;GO:0046872;GO:0008965;GO:0009401;GO:0016301
TPANIC_RS02840	GO:0005737;GO:0016149
TPANIC_RS02845	GO:0016021;GO:0005886
TPANIC_RS02850	GO:0005737;GO:0031226;GO:0005525;GO:0003924;GO:0006614
TPANIC_RS02860	GO:0016021;GO:0098797;GO:0044874;GO:0042953
TPANIC_RS02865	GO:0005886;GO:0005524;GO:0140306;GO:0042953
TPANIC_RS02870	GO:0016021;GO:0005886;GO:0042953
TPANIC_RS02880	GO:0030435;GO:0015031;GO:0015833;GO:1904680;GO:0030288;GO:0043190
TPANIC_RS02885	GO:0005524;GO:0005737;GO:0006429;GO:0002161;GO:0004823
TPANIC_RS02895	GO:0005737;GO:0009401
TPANIC_RS02900	GO:0000287;GO:0005524;GO:0000155;GO:0004674;GO:0004712;GO:0006109
TPANIC_RS02930	GO:0016021;GO:0005886
TPANIC_RS02940	GO:0005737;GO:0004017;GO:0005524;GO:0008270;GO:0044209
TPANIC_RS02945	GO:0005737;GO:0005829;GO:0005524;GO:0004652;GO:0003723;GO:0006378;GO:0006397;GO:0006276;GO:0009451;GO:0005886
TPANIC_RS02960	GO:0016021;GO:0005886;GO:0046872;GO:0004222
TPANIC_RS02965	GO:0070402;GO:0030604;GO:0046872;GO:0016114;GO:0019288
TPANIC_RS02970	GO:0016021;GO:0005886;GO:0004605;GO:0016024
TPANIC_RS02975	GO:0004659;GO:0000287
TPANIC_RS02980	GO:0005737;GO:0006415
TPANIC_RS02985	GO:0003746;GO:0005737
TPANIC_RS02990	GO:0003735;GO:0006412;GO:0015935
TPANIC_RS03000	GO:0016021
TPANIC_RS03010	GO:0005737;GO:0004816;GO:0005524;GO:0006421;GO:0003676
TPANIC_RS03020	GO:0005524;GO:0016887;GO:0005886
TPANIC_RS03025	GO:0016226
TPANIC_RS03030	GO:0016226
TPANIC_RS03035	GO:0031071;GO:0030170;GO:0006534
TPANIC_RS03045	GO:0009052;GO:0004751
TPANIC_RS03080	GO:0005886;GO:0008932;GO:0016020;GO:0000270;GO:0016829;GO:0071555;GO:0008933;GO:0051353
TPANIC_RS03095	GO:0006260;GO:0008408;GO:0006310;GO:0004519
TPANIC_RS03100	GO:0005524;GO:0004519;GO:0004527;GO:0006310;GO:0006260
TPANIC_RS03105	GO:0005829;GO:0004516;GO:0004514;GO:0009435;GO:0034355
TPANIC_RS03115	GO:0006935;GO:0008983
TPANIC_RS03120	GO:0000156;GO:0050568;GO:0006935;GO:0018277;GO:0006482;GO:0005737;GO:0008984
TPANIC_RS03125	GO:0005737;GO:0005524;GO:0004830;GO:0006436
TPANIC_RS03130	GO:0033743;GO:0006464;GO:0030091;GO:0006979;GO:0008113
TPANIC_RS03135	GO:0003911;GO:0006281;GO:0006260;GO:0046872;GO:0003677
TPANIC_RS03145	GO:0008033;GO:0052381;GO:0005524
TPANIC_RS03150	GO:0005886;GO:0016021
TPANIC_RS03170	GO:0007165;GO:0006935;GO:0004888;GO:0005886;GO:0016021
TPANIC_RS03175	GO:0005886;GO:0004888;GO:0007165;GO:0016021;GO:0006935
TPANIC_RS03180	GO:0005524;GO:0004821;GO:0006427;GO:0005737
TPANIC_RS03185	GO:0000287;GO:0004614;GO:0009246;GO:0006006
TPANIC_RS03190	GO:0006260;GO:0003677;GO:0003887;GO:0004527;GO:0046872
TPANIC_RS03195	GO:0005524;GO:0004824;GO:0005737;GO:0006430;GO:0000049
TPANIC_RS03205	GO:0005737;GO:0005524;GO:0004828;GO:0016260;GO:0097056;GO:0006434
TPANIC_RS03215	GO:0050660;GO:0090729;GO:0044179;GO:0009405
TPANIC_RS03220	GO:0004521;GO:0005737;GO:0008270;GO:0006364;GO:0004222
TPANIC_RS03225	GO:0016021;GO:0005886;GO:0016787;GO:0046872
TPANIC_RS03230	GO:0005524;GO:0043190;GO:0015595;GO:0016887;GO:0015594
TPANIC_RS03235	GO:0016021;GO:0005886;GO:0055085
TPANIC_RS03240	GO:0055085;GO:0016021;GO:0005886
TPANIC_RS03245	GO:0005615;GO:0019809;GO:0009405;GO:0015846;GO:0042597
TPANIC_RS03250	GO:0005737;GO:0048027;GO:0044781;GO:0006402;GO:0045947;GO:1902208;GO:0006109
TPANIC_RS03255	GO:0005737;GO:0044780;GO:0006417
TPANIC_RS03265	GO:0044780;GO:0009424;GO:0005576;GO:0005829;GO:0005198
TPANIC_RS03275	GO:0006096;GO:0004332;GO:0008270;GO:0030388
TPANIC_RS03280	GO:0030288;GO:0055040;GO:0071973
TPANIC_RS03300	GO:0005737;GO:0016773;GO:0004849;GO:0044211;GO:0044206;GO:0005524
TPANIC_RS03315	GO:0005737;GO:0008408;GO:0003887;GO:0006260
TPANIC_RS03330	GO:0046983;GO:0004820;GO:0006426;GO:0005524;GO:0005737
TPANIC_RS03335	GO:0005737;GO:0005524;GO:0004818;GO:0000049;GO:0008270;GO:0006424
TPANIC_RS03345	GO:0016021
TPANIC_RS03370	GO:0016021;GO:0005886
TPANIC_RS03375	GO:0005737;GO:0005506;GO:0061711;GO:0002949
TPANIC_RS03380	GO:0008784;GO:0030170;GO:0030632
TPANIC_RS03385	GO:0008650;GO:0005737
TPANIC_RS03390	GO:0004659;GO:0008299;GO:0005886;GO:0005618
TPANIC_RS03395	GO:0008643;GO:0005886
TPANIC_RS03400	GO:0005886;GO:0005524;GO:0016887;GO:0043211
TPANIC_RS03405	GO:0008643;GO:0016021;GO:0005886;GO:0022857
TPANIC_RS03410	GO:0003678;GO:0006310;GO:0005524;GO:0006281;GO:0003677
TPANIC_RS03415	GO:0008236;GO:0004180
TPANIC_RS03420	GO:0005525;GO:0042254
TPANIC_RS03430	GO:0005737;GO:0007059;GO:0006260;GO:0051301;GO:0007049
TPANIC_RS03435	GO:0005737;GO:0005524;GO:0003684;GO:0008094;GO:0003697;GO:0006310;GO:0006281;GO:0009432
TPANIC_RS03445	GO:0005886
TPANIC_RS03455	GO:0005524;GO:0004637;GO:0006189;GO:0009113;GO:0046872
TPANIC_RS03480	GO:0003677;GO:0003899;GO:0006351
TPANIC_RS03495	GO:0008409;GO:0003677;GO:0006310;GO:0006281
TPANIC_RS03500	GO:0046677;GO:0016021;GO:0005886;GO:0008144;GO:0008658;GO:0009002;GO:0071555;GO:0009252;GO:0008360;GO:0008955
TPANIC_RS03505	GO:0000270;GO:0004222;GO:0008933;GO:0016829;GO:0016020
TPANIC_RS03510	GO:0016021;GO:0005886
TPANIC_RS03515	GO:0016021;GO:0005886
TPANIC_RS03520	GO:0003677;GO:0003700;GO:0003899;GO:0016987;GO:0006352;GO:0006355
TPANIC_RS03530	GO:0016021
TPANIC_RS03535	GO:0009898;GO:0005829;GO:0005886;GO:0005524;GO:0016887;GO:0051782
TPANIC_RS03540	GO:0005886;GO:0005525;GO:0003924;GO:0044781;GO:0006614
TPANIC_RS03545	GO:0044780;GO:0016021;GO:0009306;GO:0005886
TPANIC_RS03550	GO:0009306;GO:0016021;GO:0005886;GO:0044780
TPANIC_RS03555	GO:0009425;GO:0016021;GO:0005886;GO:0044780;GO:0006605
TPANIC_RS03560	GO:0009425;GO:0016021;GO:0005886;GO:0009306;GO:0044780
TPANIC_RS03565	GO:0009425;GO:0005886;GO:0009306;GO:0044781;GO:0016021
TPANIC_RS03575	GO:0016311;GO:1902021;GO:0071978;GO:0006935;GO:0009425;GO:0005886;GO:0004721;GO:0044780;GO:0003774
TPANIC_RS03580	GO:0009425;GO:0005886;GO:0003774;GO:0071973;GO:0006935
TPANIC_RS03585	GO:0009425;GO:0016021;GO:0005886;GO:0071973;GO:0006935
TPANIC_RS03590	GO:0006935;GO:0097588;GO:0016021;GO:0005886
TPANIC_RS03595	GO:0097588;GO:0005886;GO:0006935;GO:0006811;GO:0016021
TPANIC_RS03605	GO:0009425;GO:0071973
TPANIC_RS03610	GO:0009424;GO:0044781;GO:0071978
TPANIC_RS03630	GO:0004477;GO:0004488;GO:0000105;GO:0009086;GO:0006164;GO:0035999
TPANIC_RS03640	GO:0004731;GO:0009116
TPANIC_RS03645	GO:0051539;GO:0046872;GO:0006537;GO:0097054;GO:0005829;GO:0004355
TPANIC_RS03650	GO:0051537;GO:0050660;GO:0046872;GO:0016491;GO:0006221
TPANIC_RS03660	GO:0005737;GO:0017148;GO:0042256;GO:0090071
TPANIC_RS03675	GO:0005524;GO:0004515;GO:0009435
TPANIC_RS03680	GO:0005737;GO:0005525;GO:0003924;GO:0000287;GO:0042254
TPANIC_RS03685	GO:0006412;GO:0003735;GO:0005840
TPANIC_RS03695	GO:0005840;GO:0019843;GO:0003735;GO:0006412
TPANIC_RS03700	GO:0005524;GO:0016301;GO:0046872;GO:0050242;GO:0006090
TPANIC_RS03710	GO:0005737
TPANIC_RS03725	GO:0042834
TPANIC_RS03730	GO:0005886;GO:0016021
TPANIC_RS03735	GO:0005737;GO:0051539;GO:0046872;GO:0035596;GO:0006400
TPANIC_RS03740	GO:0005737;GO:0016301;GO:0016021;GO:0008965;GO:0009401;GO:0046872;GO:0008982
TPANIC_RS03745	GO:0004479
TPANIC_RS03750	GO:0046872;GO:0042586;GO:0006412
TPANIC_RS03755	GO:0006412;GO:0005840;GO:0003735
TPANIC_RS03760	GO:0005887;GO:0030435;GO:0008360;GO:0009252;GO:0071555;GO:0008658;GO:0009002
TPANIC_RS03775	GO:0016021;GO:0005886
TPANIC_RS03785	GO:0005886;GO:0005524;GO:0004176;GO:0004222;GO:0008270;GO:0030163;GO:0016021
TPANIC_RS03795	GO:0005737;GO:0005525;GO:0003924;GO:0003746
TPANIC_RS03800	GO:0005886
TPANIC_RS03810	GO:0006401;GO:0005737;GO:0005886;GO:0005524;GO:0003723;GO:0003724;GO:0010501
TPANIC_RS03815	GO:0016021;GO:0005886;GO:0005436;GO:0044341
TPANIC_RS03840	GO:0016021;GO:0005886
TPANIC_RS03845	GO:0006284;GO:0046872;GO:0003677;GO:0019104;GO:0051539;GO:0140078
TPANIC_RS03860	GO:0046081;GO:0046052;GO:0046872;GO:0005524;GO:0047429;GO:0009267;GO:0046061;GO:0006203;GO:0046076;GO:0047693;GO:0046047
TPANIC_RS03865	GO:0016021;GO:0005886
TPANIC_RS03870	GO:0005524;GO:0004359;GO:0003952;GO:0009435;GO:0005737
TPANIC_RS03880	GO:0016021
TPANIC_RS03895	GO:0055085;GO:0015437;GO:0016887;GO:0015920;GO:1990351;GO:0005886;GO:0005524;GO:0043190;GO:0005737
TPANIC_RS03900	GO:0016021;GO:0005886
TPANIC_RS03905	GO:0016021
TPANIC_RS03925	GO:0071973;GO:0055040;GO:0005198;GO:0009420
TPANIC_RS03935	GO:0005737;GO:0006556;GO:0006730;GO:0000287;GO:0005524;GO:0004478
TPANIC_RS03940	GO:0005886;GO:0046872;GO:0016740;GO:0017013
TPANIC_RS03945	GO:0005737;GO:0004735;GO:0055129
TPANIC_RS03950	GO:0005737;GO:0046872;GO:0004825;GO:0000049;GO:0006431;GO:0005524
TPANIC_RS03960	GO:0030288;GO:0005886;GO:0004180;GO:0004175;GO:0008658;GO:0009002;GO:0071555;GO:0009252;GO:0008360;GO:0042493;GO:0005887
TPANIC_RS03965	GO:0016887;GO:0005737;GO:0005829;GO:0005524;GO:0034605;GO:0043335;GO:0006979;GO:0006986;GO:0004176
TPANIC_RS03980	GO:0055052;GO:0005524;GO:0016887;GO:0015774
TPANIC_RS03985	GO:0000178;GO:0000175;GO:0003723
TPANIC_RS03995	GO:0006412;GO:0015934;GO:0003735
TPANIC_RS04000	GO:0005737;GO:0000036
TPANIC_RS04005	GO:0016075;GO:0008033;GO:0006364;GO:0005737;GO:0006397;GO:0019843;GO:0004525;GO:0046872
TPANIC_RS04010	GO:0006260;GO:0003676;GO:0009007
TPANIC_RS04030	GO:0019430;GO:0005737;GO:0004791
TPANIC_RS04045	GO:0009986;GO:0005576;GO:0000015;GO:0000287;GO:0004634;GO:0006096
TPANIC_RS04050	GO:0042781;GO:0008270
TPANIC_RS04060	GO:0005886
TPANIC_RS04065	GO:0016021;GO:0005886;GO:0055085
TPANIC_RS04070	GO:0019430;GO:0034599;GO:0009055;GO:0016721;GO:0005506;GO:0050605
TPANIC_RS04075	GO:0000287;GO:0030976;GO:0052865;GO:0016114;GO:0009228;GO:0008661
TPANIC_RS04085	GO:0016021;GO:0005886;GO:0019932;GO:0005524;GO:0004016;GO:0016779;GO:0006171
TPANIC_RS04095	GO:0008897;GO:0006633;GO:0005737;GO:0000287
TPANIC_RS04105	GO:0003723;GO:0106029;GO:0031119
TPANIC_RS04110	GO:0006420;GO:0005737;GO:0005524;GO:0004814
TPANIC_RS04125	GO:0005737;GO:0005524;GO:0003723;GO:0004831;GO:0006437
TPANIC_RS04140	GO:0005524;GO:0005737;GO:0004829;GO:0000049;GO:0006435;GO:0046872
TPANIC_RS04145	GO:0005524
TPANIC_RS04150	GO:0005886
TPANIC_RS04160	GO:0009266;GO:0006979;GO:0009408;GO:0006508;GO:0006515;GO:0006457;GO:0061077;GO:0004252;GO:0008233;GO:0042802;GO:0005886;GO:0030288;GO:0008236
TPANIC_RS04165	GO:0046872;GO:0070006;GO:0070084
TPANIC_RS04170	GO:0005524;GO:0031072;GO:0051082;GO:0008270;GO:0006260;GO:0006457;GO:0009408;GO:0005737
TPANIC_RS04175	GO:0005737;GO:0004365;GO:0051287;GO:0050661;GO:0006006;GO:0006096
TPANIC_RS04195	GO:0006412;GO:0000027;GO:0019843;GO:0005840;GO:0003735
TPANIC_RS04200	GO:0005840;GO:0003735;GO:0006412
TPANIC_RS04205	GO:0005737;GO:0003743
TPANIC_RS04215	GO:0005887;GO:0042158;GO:0008961
TPANIC_RS04220	GO:0009898;GO:0051782;GO:0044781;GO:0005524;GO:0005886;GO:0005829;GO:0016887
TPANIC_RS04250	GO:0005737;GO:0097367;GO:1901137;GO:0005975;GO:0006541;GO:0004360
TPANIC_RS04255	GO:0042597;GO:0005528;GO:0042802;GO:0003755;GO:0006457;GO:0005829
TPANIC_RS04260	GO:0006520;GO:0044571;GO:0030170;GO:0046872;GO:0031071;GO:0051537;GO:0005737
TPANIC_RS04265	GO:0005576;GO:0009986;GO:0019835;GO:0042742;GO:0000917;GO:0008152;GO:0009405;GO:0008745;GO:0071555
TPANIC_RS04285	GO:0009420;GO:0055040;GO:0005198;GO:0071973
TPANIC_RS04295	GO:0009420;GO:0055040;GO:0005198;GO:0071973
TPANIC_RS04300	GO:0009421;GO:0009424;GO:0055040;GO:0007155;GO:0071973
TPANIC_RS04315	GO:0005737;GO:0005524;GO:0046872;GO:0002949
TPANIC_RS04320	GO:0005737;GO:0002949
TPANIC_RS04325	GO:0007165;GO:0016021;GO:0005886;GO:0016787
TPANIC_RS04330	GO:0016021
TPANIC_RS04345	GO:0005524;GO:0016887;GO:0006814
TPANIC_RS04365	GO:0004170;GO:0000287;GO:0006226;GO:0046081
TPANIC_RS04370	GO:0005737;GO:0000287;GO:0004654;GO:0003723;GO:0006402;GO:0006396
TPANIC_RS04375	GO:0005840;GO:0003735;GO:0006412;GO:0019843
TPANIC_RS04385	GO:0003723;GO:0106029;GO:0031119
TPANIC_RS04390	GO:0005737;GO:0030490
TPANIC_RS04395	GO:0005737;GO:0005525;GO:0003924;GO:0003743
TPANIC_RS04400	GO:0005829;GO:0003700;GO:0003723;GO:0006353;GO:0031564
TPANIC_RS04405	GO:0042274;GO:0005737
TPANIC_RS04425	GO:0005524;GO:0003678;GO:0003690;GO:0000724;GO:0008408
TPANIC_RS04435	GO:0006811;GO:0016021;GO:0015297;GO:0042910;GO:0005886
TPANIC_RS04445	GO:0008360;GO:0009252;GO:0071555;GO:0051301;GO:0008764;GO:0005524;GO:0005737;GO:0007049
TPANIC_RS04450	GO:0003735;GO:0006412;GO:0005840
TPANIC_RS04455	GO:0003723
TPANIC_RS04460	GO:0005840;GO:0043022;GO:0042274;GO:0006364;GO:0005737
TPANIC_RS04465	GO:0052906;GO:0005737
TPANIC_RS04470	GO:0003735;GO:0006412;GO:0005840
TPANIC_RS04480	GO:0005886;GO:0009306
TPANIC_RS04485	GO:0071111;GO:0046872;GO:2000147;GO:1900231
TPANIC_RS04490	GO:0004518;GO:0003676
TPANIC_RS04510	GO:0016021;GO:0005886;GO:0042802;GO:0000287;GO:0015095;GO:0042803;GO:0015693
TPANIC_RS04520	GO:0045454;GO:0015035;GO:0006662
TPANIC_RS04530	GO:0050660;GO:0008137;GO:0045454
TPANIC_RS04550	GO:0006139;GO:0003735;GO:0003729;GO:0006412
TPANIC_RS04560	GO:0009055;GO:0010181
TPANIC_RS04565	GO:0004252;GO:0005886;GO:0016021
TPANIC_RS04585	GO:0005991;GO:0004555;GO:0016021
TPANIC_RS04590	GO:0051301;GO:0008360;GO:0071555;GO:0009252;GO:0005737;GO:0016881;GO:0005524;GO:0000287;GO:0007049
TPANIC_RS04600	GO:0052689;GO:0005576
TPANIC_RS04610	GO:0016021;GO:0050660;GO:0005886
TPANIC_RS04620	GO:0005886
TPANIC_RS04625	GO:0016903;GO:0030976;GO:0022900;GO:0009399;GO:0005506;GO:0051539
TPANIC_RS04635	GO:0044780
TPANIC_RS04650	GO:0019323;GO:0046872;GO:0006098;GO:0004750
TPANIC_RS04655	GO:0005737;GO:0070043
TPANIC_RS04660	GO:0003755;GO:0006457
TPANIC_RS04665	GO:0003723
TPANIC_RS04670	GO:0016021;GO:0015031;GO:0032977;GO:0005886
TPANIC_RS04675	GO:0005886
TPANIC_RS04680	GO:0004526;GO:0000049;GO:0001682
TPANIC_RS04720	GO:0016021;GO:0046306;GO:0005886
TPANIC_RS04730	GO:0071973;GO:0009426
TPANIC_RS04735	GO:0071978;GO:0009424;GO:0009426
TPANIC_RS04740	GO:0015562;GO:0005887;GO:0046677;GO:0008559;GO:0016887;GO:0005524;GO:1990961
TPANIC_RS04745	GO:0005524;GO:0008559;GO:0015562;GO:0046677;GO:1990961;GO:0016887;GO:0005887
TPANIC_RS04750	GO:0005886;GO:0005524;GO:0016887;GO:0022857;GO:0055085
TPANIC_RS04755	GO:1990281;GO:0015562;GO:0042910
TPANIC_RS04780	GO:0005886
TPANIC_RS04785	GO:0005886;GO:0033573;GO:0015093;GO:0034755;GO:0055072
TPANIC_RS04790	GO:0005737;GO:0005524;GO:0000287;GO:0004826;GO:0000049;GO:0006432
TPANIC_RS04800	GO:0000453;GO:0005737;GO:0070677
TPANIC_RS04805	GO:0016021;GO:0005886
TPANIC_RS04810	GO:0046872
TPANIC_RS04815	GO:0005886;GO:0004190;GO:0016021
TPANIC_RS04820	GO:0005829;GO:0016888;GO:0046872
TPANIC_RS04825	GO:0050660;GO:0017150;GO:0000049
TPANIC_RS04830	GO:0052621;GO:0000160;GO:0005737;GO:0030154;GO:0005525;GO:0046872;GO:0007049
TPANIC_RS04845	GO:0005737;GO:0005524;GO:0051082;GO:0006457
TPANIC_RS04850	GO:0005524;GO:0006422;GO:0003676;GO:0050560;GO:0004815;GO:0005737
TPANIC_RS04855	GO:0016021;GO:0005886
TPANIC_RS04865	GO:0016021;GO:0005886
TPANIC_RS04880	GO:0005506;GO:0009055
TPANIC_RS04890	GO:0016829;GO:0071555;GO:0008932;GO:0000270
TPANIC_RS04900	GO:0005829;GO:0016888;GO:0046872
TPANIC_RS04920	GO:0016021;GO:0005886;GO:0008236;GO:0006465
TPANIC_RS04925	GO:0015655;GO:0016021;GO:0005886
TPANIC_RS04930	GO:0051301;GO:0016021;GO:0007059;GO:0005886;GO:0005524;GO:0003677;GO:0007049
TPANIC_RS04950	GO:0016021;GO:0005886
TPANIC_RS04955	GO:0003677;GO:0046872;GO:0006310;GO:0006281
TPANIC_RS04960	GO:0006261;GO:0003887;GO:0003677;GO:0009360;GO:0005524
TPANIC_RS04965	GO:0006265;GO:0046872;GO:0003918;GO:0006261;GO:0005524;GO:0005737;GO:0005694;GO:0003677
TPANIC_RS04970	GO:0050660;GO:0050797;GO:0006231;GO:0006235;GO:0032259
TPANIC_RS04975	GO:0004748;GO:0005524;GO:0006260
TPANIC_RS04980	GO:0005975;GO:0004367;GO:0051287;GO:0046167;GO:0046168;GO:0006650;GO:0008654;GO:0009331
TPANIC_RS04985	GO:0006228;GO:0006183;GO:0006241;GO:0046872;GO:0005524;GO:0005737;GO:0004550
TPANIC_RS04990	GO:0005737;GO:0004045;GO:0006412
TPANIC_RS04995	GO:0016987;GO:0005737;GO:0003700;GO:0001123;GO:0003677
TPANIC_RS05000	GO:0005737;GO:0005524;GO:0006457
TPANIC_RS05005	GO:0016021
TPANIC_RS05010	GO:0006353;GO:0031564;GO:0003723
TPANIC_RS05015	GO:0003755;GO:0005886
TPANIC_RS05020	GO:0005737;GO:0004813;GO:0005524;GO:0008270;GO:0006419;GO:0000049
TPANIC_RS05030	GO:0006402;GO:0016021;GO:0003723;GO:0005886;GO:0004521
TPANIC_RS05035	GO:0005524;GO:0016874;GO:0006412
TPANIC_RS05040	GO:0030956;GO:0050567;GO:0016787;GO:0006412;GO:0005524
TPANIC_RS05045	GO:0005524;GO:0050567;GO:0006412
TPANIC_RS05050	GO:0000725;GO:0005524;GO:0003684;GO:0008094;GO:0046872
TPANIC_RS05055	GO:0006282;GO:0005737
TPANIC_RS05060	GO:0005840;GO:0003735;GO:0006412
TPANIC_RS05065	GO:0006412;GO:0003735;GO:0005840
TPANIC_RS05080	GO:0004850;GO:0009116;GO:0009166;GO:0044206;GO:0005737
TPANIC_RS05085	GO:0003677;GO:0005524;GO:0006268;GO:0005737;GO:0003678
TPANIC_RS05100	GO:0016021
TPANIC_RS05105	GO:0004622;GO:0016042;GO:0046470
TPANIC_RS05110	GO:0008273;GO:0005262;GO:0005886;GO:0005887;GO:0070588;GO:0006874
TPANIC_RS05115	GO:0002161;GO:0004832;GO:0005737;GO:0006438;GO:0005524
TPANIC_RS05120	GO:0016021;GO:0005886;GO:0005524;GO:0005507;GO:0043682
TPANIC_RS05125	GO:0016021;GO:0019835;GO:0005886
TPANIC_RS05130	GO:0016722;GO:0008199
TPANIC_RS05135	GO:0006166;GO:0005737;GO:0003999;GO:0006168;GO:0044209
TPANIC_RS05140	GO:0016880;GO:0071915;GO:0006430;GO:0004824;GO:0005524;GO:0005737
TPANIC_RS05145	GO:0005737;GO:0004252;GO:0004176
TPANIC_RS05225	GO:0019843;GO:0005840;GO:0003735;GO:0008270;GO:0006412
TPANIC_RS05230	GO:0005840;GO:0006412;GO:0003735;GO:0019843
TPANIC_RS05245	GO:0035999;GO:0019264;GO:0030170;GO:0004372;GO:0005737
TPANIC_RS05265	GO:0006412;GO:0005840;GO:0003735
TPANIC_RS05335	GO:0005524;GO:0008360;GO:0009252;GO:0071555;GO:0046872;GO:0005737;GO:0008716
TPANIC_RS05350	GO:0004252;GO:0042597
TPANIC_RS05380	GO:0005840;GO:0003735;GO:0006412
TPANIC_RS05430	GO:0005886;GO:0016021
TPANIC_RS05460	GO:0016021;GO:0005886
TPANIC_RS05485	GO:0071586;GO:0004222;GO:0016021;GO:0005886
TPANIC_RS05500	GO:0009279
TPANIC_RS05505	GO:0016021
